id,ticker
1,SSI
2,BCM
3,VHM
4,VIC
5,VRE
6,BVH
7,POW
8,GAS
9,ACB
10,BID
11,CTG
12,HDB
13,MBB
14,SSB
15,SHB
16,STB
17,TCB
18,TPB
19,VCB
20,VIB
21,VPB
22,HPG
23,GVR
24,MSN
25,VNM
26,SAB
27,VJC
28,MWG
29,PLX
30,FPT
31,MFS
32,ABC
33,VGI
34,FOX
35,PAI
36,PIA
37,PTP
38,TTN
39,FUCTVGF3
40,FUEIP100
41,FUEKIV30
42,FUCTVGF4
43,FUEDCMID
44,FUEKIVFS
45,FUEMAVND
46,FUEFCV50
47,FUEBFVND
48,FUESSV50
49,E1VFVN30
50,FUESSVFL
51,FUEMAV30
52,FUESSV30
53,FUEVFVND
54,FUEVN100
55,FUCVREIT
56,ABW
57,AGR
58,APG
59,APS
60,BCG
61,BMS
62,BSI
63,BVS
64,TIN
65,CTS
66,DSC
67,EVF
68,FIT
69,ART
70,FTS
71,AAS
72,HBS
73,HCM
74,HAC
75,IBC
76,IVS
77,EVS
78,OGC
79,ORS
80,CSI
81,PHS
82,PSI
83,SBS
84,SHS
85,TCI
86,MBS
87,TVB
88,TVC
89,TVS
90,VCI
91,VDS
92,VFS
93,VUA
94,VIG
95,VIX
96,VND
97,WSS
98,BVL
99,SSH
100,BIG
101,MGR
102,AAV
103,AGG
104,AMD
105,API
106,BII
107,MH3
108,C21
109,CCL
110,CRE
111,CEO
112,CKG
113,CK8
114,CLG
115,D11
116,D2D
117,DIG
118,DRH
119,DTA
120,DXG
121,DXS
122,EFI
123,LEC
124,FDC
125,FID
126,FIR
127,FLC
128,HPX
129,HD6
130,HAR
131,XDH
132,HDC
133,HDG
134,TCH
135,HPI
136,HLD
137,DCH
138,HQC
139,HRB
140,HTN
141,HD2
142,HU6
143,HD8
144,IDC
145,IDJ
146,IDV
147,IJC
148,ITA
149,ITC
150,KAC
151,KBC
152,KDH
153,KHG
154,KOS
155,LSG
156,LDG
157,LGL
158,LHG
159,LMH
160,MA1
161,NBB
162,NDN
163,NRC
164,NLG
165,NVL
166,NTB
167,NTC
168,NTL
169,NVT
170,PDR
171,PIV
172,PLA
173,PPI
174,KSF
175,PTL
176,PTN
177,PV2
178,PXC
179,PVL
180,PVR
181,PWA
182,PXA
183,PXL
184,QCG
185,RCL
186,TBR
187,SID
188,SCR
189,SGR
190,SIP
191,SZC
192,SJS
193,SZG
194,STL
195,SZL
196,SZB
197,TDC
198,TDH
199,TEG
200,THD
201,TIG
202,TID
203,TIP
204,TIX
205,TLD
206,TN1
207,V11
208,V21
209,VC3
210,VCR
211,VHD
212,VGV
213,VNI
214,VPH
215,VPI
216,VRC
217,VRG
218,ABI
219,BIC
220,BLI
221,BMI
222,BHI
223,MIG
224,PGI
225,PTI
226,PVI
227,PRE
228,AIC
229,VNR
230,AVC
231,BSA
232,BHA
233,BTP
234,CHP
235,TDB
236,TTE
237,DNC
238,DNH
239,DRL
240,DTE
241,DTV
242,PGV
243,GHC
244,GEG
245,GSM
246,HTE
247,HJS
248,HNA
249,HPD
250,KHP
251,NBP
252,ND2
253,HND
254,NT2
255,PIC
256,PPC
257,PBK
258,QTP
259,QPH
260,SBA
261,SBH
262,SEB
263,SHP
264,SJD
265,SMA
266,SP2
267,ISH
268,S4A
269,SVH
270,TBC
271,VCP
272,NTH
273,TMP
274,TTA
275,DTK
276,VPD
277,VSH
278,XMP
279,PPT
280,ASP
281,BLW
282,BDW
283,NBT
284,BGW
285,BWE
286,BMF
287,BNW
288,BTW
289,BWA
290,BWS
291,CMW
292,CCI
293,CLW
294,CNG
295,CTW
296,DWC
297,DLM
298,DMS
299,DNW
300,DNN
301,DWS
302,DVC
303,GDW
304,GLW
305,HGW
306,HDW
307,HFC
308,HPW
309,HTC
310,HWS
311,DDG
312,KHW
313,LAW
314,LDW
315,LKW
316,MTG
317,NAW
318,NBW
319,NDW
320,NLS
321,NNT
322,NQB
323,NQT
324,NS2
325,PSH
326,NTW
327,TOW
328,PCG
329,PEG
330,PGC
331,PGD
332,PGS
333,PJC
334,PJS
335,PMG
336,PMW
337,PND
338,POB
339,POV
340,DNA
341,GCB
342,PTH
343,PVG
344,PPY
345,PWS
346,QNW
347,NQN
348,CHS
349,SFC
350,SII
351,NSL
352,STW
353,TAW
354,TDG
355,TDM
356,TDW
357,TLP
358,THN
359,THW
360,TMC
361,TVW
362,TQW
363,TNW
364,UPC
365,VAV
366,VWS
367,VMG
368,VXT
369,VPW
370,NVP
371,VLW
372,VCW
373,ABB
374,EIB
375,BVB
376,KLB
377,LPB
378,MSB
379,NAB
380,BAB
381,NVB
382,OCB
383,PGB
384,SGB
385,VAB
386,VBB
387,ACG
388,CAP
389,DHC
390,DLG
391,FRM
392,FRC
393,GTA
394,HAP
395,HHP
396,MDF
397,PIS
398,PTB
399,SAV
400,SVT
401,TQN
402,TMW
403,TTF
404,VID
405,VIF
406,GVT
407,HSV
408,BCA
409,BVG
410,CBI
411,TTS
412,DPS
413,DTL
414,HLA
415,HMC
416,HMG
417,HSG
418,ITQ
419,KKC
420,KLM
421,KMT
422,KTL
423,KVC
424,MEL
425,MHL
426,NHV
427,NKG
428,PAS
429,POM
430,SHA
431,NSH
432,SHI
433,SMC
434,SSM
435,TDS
436,TIS
437,TKG
438,TKU
439,TLH
440,TNA
441,TNB
442,TNS
443,TNI
444,VCA
445,VDT
446,VGS
447,TMG
448,VGL
449,TVN
450,DFC
451,CST
452,ACM
453,AMC
454,ATG
455,BCB
456,BKC
457,BMC
458,BMJ
459,KCB
460,VBG
461,DHM
462,GLC
463,HGM
464,HLC
465,HPM
466,KSB
467,KSH
468,KHD
469,LMC
470,KSQ
471,KSS
472,KSV
473,LCM
474,MDC
475,MIC
476,MIM
477,MTA
478,MSR
479,NBC
480,SHN
481,SPI
482,SQC
483,TC6
484,TDN
485,THT
486,TNT
487,TVD
488,CLM
489,VDB
490,MVB
491,VIM
492,MGC
493,TMB
494,VPG
495,YBM
496,VTZ
497,PCH
498,AAA
499,LTG
500,APP
501,HII
502,BRR
503,BFC
504,BRC
505,CPC
506,CSV
507,DAG
508,DRG
509,DRI
510,DHB
511,DCM
512,DDV
513,DGC
514,DOC
515,DPM
516,DPR
517,DTT
518,GER
519,HAI
520,HNP
521,HCD
522,HPH
523,HRC
524,HSI
525,HVT
526,IRC
527,LAS
528,LNC
529,VET
530,NFC
531,NHH
532,PMB
533,PGN
534,PLP
535,PHR
536,PLC
537,BT1
538,PSE
539,PCE
540,PCN
541,PSW
542,QBS
543,RDP
544,RBC
545,SEP
546,SFG
547,NSG
548,SIV
549,SJF
550,SBR
551,SPC
552,RTB
553,TNC
554,TPC
555,TRC
556,TSC
557,VAF
558,PAT
559,VFG
560,PVO
561,VPS
562,VKP
563,VNP
564,VNY
565,VTQ
566,VXP
567,VVS
568,CMC
569,CSM
570,CTF
571,DRC
572,FTI
573,GGG
574,HAX
575,HHS
576,HTL
577,SRC
578,SVC
579,TMT
580,VKC
581,VMA
582,CMM
583,CNA
584,GCF
585,AAM
586,ABT
587,ACL
588,AGF
589,AGM
590,ANT
591,ANV
592,APF
593,ASM
594,ATA
595,AVF
596,BAF
597,BNA
598,BBC
599,PRT
600,BLT
601,BLF
602,C22
603,CAD
604,CAN
605,CCA
606,CBS
607,CLX
608,CMF
609,CAT
610,CMX
611,CMN
612,DBC
613,NSS
614,DMN
615,FMC
616,FCS
617,HAG
618,HHC
619,HSL
620,HKB
621,BKH
622,HAF
623,HNG
624,HNM
625,HNF
626,HVA
627,HVG
628,ICF
629,IDI
630,IDP
631,ILA
632,KDC
633,KTC
634,KHS
635,KTS
636,LAF
637,LSS
638,MCF
639,MCM
640,JOS
641,MLS
642,MML
643,MPC
644,MCH
645,NCS
646,NDF
647,NGC
648,NSC
649,OCH
650,PAN
651,PRO
652,PSL
653,DAT
654,CQN
655,QNS
656,SAF
657,APT
658,SBT
659,SEA
660,SPV
661,SGC
662,SGO
663,SJ1
664,SLS
665,SNC
666,SPD
667,SPH
668,SSC
669,SSN
670,TFC
671,TCJ
672,BCF
673,THP
674,TAR
675,TS4
676,VHC
677,VHF
678,VLC
679,VSN
680,VLF
681,BMV
682,VSF
683,VNH
684,VOC
685,CBC
686,BHK
687,BHN
688,BHP
689,BHG
690,BSP
691,CPA
692,CFV
693,CTP
694,BSD
695,EPC
696,FGL
697,HAD
698,HNR
699,HLB
700,BBM
701,HAT
702,HAV
703,HBH
704,HKT
705,IFS
706,NAF
707,PCF
708,BQB
709,QHW
710,BSH
711,BSQ
712,SKV
713,SKH
714,BSL
715,SBL
716,SCD
717,SKN
718,SMB
719,THB
720,BTB
721,TAN
722,FCC
723,VCF
724,VDL
725,SB1
726,VTL
727,WSB
728,CLC
729,HJC
730,NST
731,VTJ
732,BEL
733,GLT
734,NHT
735,DCS
736,DQC
737,FBA
738,GDT
739,KSD
740,RAL
741,SHE
742,TLG
743,XHC
744,SGI
745,AAT
746,AG1
747,ASA
748,A32
749,BBT
750,BDG
751,BKG
752,BMG
753,BVN
754,STK
755,DCG
756,ADS
757,DM7
758,MGG
759,EVE
760,FTM
761,G20
762,M10
763,GIL
764,GMC
765,HCB
766,HLT
767,HSM
768,HDM
769,HTG
770,HNI
771,HUG
772,KMR
773,LGM
774,LIX
775,MPT
776,NJC
777,NET
778,MNB
779,NTT
780,PNJ
781,PPH
782,PTG
783,MSH
784,SPB
785,SSF
786,SVD
787,TCM
788,GTD
789,TDT
790,CET
791,TET
792,TLI
793,TNG
794,TTG
795,VDN
796,NDT
797,TVT
798,VGT
799,VGG
800,VTI
801,X20
802,X26
803,XPH
804,ODE
805,ADC
806,ALT
807,BDB
808,BED
809,BST
810,ADG
811,DAD
812,DAE
813,DST
814,EBS
815,ECI
816,EID
817,FHS
818,FOC
819,HEV
820,HTP
821,IHK
822,IN4
823,IBD
824,LBE
825,NBE
826,PNC
827,RGC
828,QST
829,SAP
830,VNB
831,SED
832,SGD
833,SMN
834,STC
835,STH
836,TPH
837,VEF
838,VNZ
839,VNX
840,VPR
841,CAB
842,EPH
843,YEG
844,DSD
845,ATS
846,BCV
847,VTG
848,BTV
849,BLN
850,CTC
851,DAH
852,DLD
853,DNT
854,DSN
855,DTI
856,DXL
857,GTT
858,HES
859,HGT
860,HHG
861,HRT
862,TSJ
863,HOT
864,KLF
865,MAS
866,MTC
867,NWT
868,ONW
869,PDC
870,PGT
871,EIN
872,DSP
873,RIC
874,SCS
875,BSG
876,SGH
877,SRT
878,TPS
879,SHX
880,SKG
881,STT
882,TCT
883,TSD
884,TTT
885,VTD
886,VTR
887,VIR
888,HVN
889,VNG
890,VNS
891,VTM
892,DLT
893,AFX
894,AGX
895,DHT
896,FHN
897,TH1
898,ABS
899,BSC
900,BTT
901,CEN
902,CMV
903,COM
904,CPH
905,DGW
906,FRT
907,HTM
908,HFX
909,HTT
910,KGM
911,DKC
912,LBC
913,PET
914,PIT
915,PNG
916,PSD
917,SAS
918,SBV
919,AST
920,THS
921,TTH
922,TOP
923,TV6
924,TOS
925,PEQ
926,PTV
927,POS
928,PVB
929,PVC
930,PVD
931,PVE
932,PVS
933,BSR
934,OIL
935,AMV
936,TNH
937,CVN
938,DNM
939,JVC
940,MEF
941,MRF
942,TTD
943,DTH
944,YTC
945,GPC
946,AGP
947,AMP
948,APC
949,BCP
950,DBD
951,BIO
952,TW3
953,CNC
954,CDP
955,DP1
956,DTP
957,DAN
958,DBM
959,DBT
960,DCL
961,DDN
962,DHG
963,DMC
964,DPP
965,DP2
966,DP3
967,HDP
968,DHD
969,DHN
970,DPH
971,IMP
972,LDP
973,MED
974,MKP
975,MKV
976,MTP
977,NDP
978,NTF
979,NDC
980,OPC
981,PBC
982,PMC
983,PPP
984,SPM
985,DTG
986,TRA
987,TVP
988,UPH
989,VDP
990,DVM
991,VHE
992,VMD
993,DVN
994,CKV
995,ELC
996,ITD
997,KST
998,LTC
999,ONE
1000,PMJ
1001,PMT
1002,POT
1003,SAM
1004,SMT
1005,ST8
1006,VEC
1007,VIE
1008,VTC
1009,VTE
1010,CMG
1011,CMT
1012,ICT
1013,HIG
1014,HPT
1015,SBD
1016,SGT
1017,SRA
1018,SRB
1019,TST
1020,UNI
1021,VLA
1022,XDC
1023,GMH
1024,HMR
1025,ACC
1026,ACE
1027,ACS
1028,ADP
1029,ALV
1030,ATB
1031,B82
1032,VLB
1033,BCC
1034,BCE
1035,MVC
1036,BHC
1037,BMN
1038,BMP
1039,BOT
1040,BT6
1041,BTN
1042,BTS
1043,BTD
1044,C69
1045,C32
1046,C47
1047,TS3
1048,C92
1049,HFB
1050,CCM
1051,CDC
1052,CDG
1053,CDO
1054,CH5
1055,CHC
1056,CI5
1057,CID
1058,CEG
1059,C4G
1060,C12
1061,CIG
1062,CII
1063,CIP
1064,TVH
1065,CMI
1066,CMD
1067,CMS
1068,CNT
1069,CC1
1070,TCK
1071,ICN
1072,CNN
1073,CRC
1074,CSC
1075,CT3
1076,CT6
1077,CTA
1078,CTD
1079,GTS
1080,CTI
1081,CTN
1082,CTR
1083,CTX
1084,CVT
1085,CX8
1086,CYC
1087,DAC
1088,DCR
1089,DPG
1090,DC2
1091,DC4
1092,DCT
1093,DCF
1094,DFF
1095,DGT
1096,DHA
1097,DIC
1098,DC1
1099,DID
1100,DIH
1101,DLR
1102,DND
1103,DNP
1104,CDR
1105,BDT
1106,DTC
1107,DVG
1108,DSG
1109,DVW
1110,DXV
1111,E29
1112,EVG
1113,EIC
1114,ROS
1115,FCM
1116,FCN
1117,FIC
1118,GAB
1119,GMX
1120,H11
1121,HC1
1122,HC3
1123,HID
1124,HAM
1125,HHV
1126,HAN
1127,HAS
1128,GH3
1129,HBC
1130,HCC
1131,HCI
1132,HDA
1133,HEJ
1134,HLY
1135,HMS
1136,HOM
1137,HPP
1138,HSP
1139,HT1
1140,HTI
1141,HU1
1142,HU3
1143,HU4
1144,HUT
1145,HVH
1146,HVX
1147,L40
1148,ICC
1149,ICG
1150,ICI
1151,CC4
1152,INC
1153,KCE
1154,KDM
1155,KHL
1156,GKM
1157,KPF
1158,KTT
1159,L14
1160,L18
1161,L45
1162,LBM
1163,LCC
1164,LCD
1165,LCG
1166,LCS
1167,LGC
1168,LHC
1169,LIC
1170,L12
1171,LG9
1172,LIG
1173,LAI
1174,LM3
1175,LM8
1176,LUT
1177,MCC
1178,MCG
1179,MCO
1180,MDG
1181,MEC
1182,MES
1183,MST
1184,NAC
1185,NAV
1186,NDX
1187,NED
1188,NHA
1189,VCE
1190,NHC
1191,NNC
1192,NTP
1193,NXT
1194,PC1
1195,PCC
1196,PCM
1197,PDB
1198,PEN
1199,PFL
1200,PHC
1201,PHH
1202,PID
1203,PLE
1204,PNT
1205,PSB
1206,PSG
1207,PTC
1208,PTE
1209,PTO
1210,PTD
1211,DTD
1212,PVA
1213,PVH
1214,PVY
1215,PVV
1216,PVX
1217,PX1
1218,PXI
1219,PXM
1220,PXS
1221,PXT
1222,QCC
1223,QNC
1224,QNT
1225,QTC
1226,RCC
1227,RCD
1228,S12
1229,S27
1230,S55
1231,S72
1232,S74
1233,S96
1234,S99
1235,SBM
1236,SC5
1237,SCC
1238,SCG
1239,SCI
1240,SCJ
1241,SCL
1242,SD1
1243,SD2
1244,SD3
1245,SD4
1246,SD5
1247,SD6
1248,SD7
1249,SD8
1250,SD9
1251,SDB
1252,SDD
1253,SDJ
1254,SDN
1255,SDP
1256,XLV
1257,SDT
1258,SDU
1259,SDX
1260,SDY
1261,SHG
1262,SJC
1263,SJE
1264,SJM
1265,SIG
1266,SNZ
1267,SJG
1268,SVN
1269,TA3
1270,TA6
1271,TA9
1272,TBT
1273,TBX
1274,TCR
1275,G36
1276,TED
1277,TEL
1278,TGG
1279,THG
1280,TKC
1281,TL4
1282,TTL
1283,TLT
1284,TMX
1285,BAX
1286,TNM
1287,TCD
1288,TDF
1289,TTB
1290,TTC
1291,HUB
1292,TRT
1293,TTZ
1294,GND
1295,TV3
1296,TVA
1297,TVG
1298,TXM
1299,UDC
1300,UDJ
1301,UIC
1302,UMC
1303,USC
1304,V12
1305,V15
1306,VC1
1307,VC2
1308,VC6
1309,VC7
1310,VC9
1311,VCC
1312,CCV
1313,VCG
1314,VIH
1315,VCS
1316,VCX
1317,VE1
1318,VE2
1319,VE3
1320,VE4
1321,VE8
1322,VE9
1323,VGC
1324,VHH
1325,VHL
1326,MBG
1327,VVN
1328,VIT
1329,VIW
1330,VMC
1331,CGV
1332,VNE
1333,E12
1334,VPC
1335,VSI
1336,VTA
1337,VTS
1338,VTV
1339,CLH
1340,VW3
1341,VXB
1342,X77
1343,XMC
1344,XMD
1345,CQT
1346,YBC
1347,AME
1348,BTH
1349,CAV
1350,CJC
1351,DHP
1352,EME
1353,EMG
1354,GEX
1355,GEE
1356,PHN
1357,HEM
1358,HLS
1359,NAG
1360,PAC
1361,TBD
1362,TGP
1363,TIE
1364,TSB
1365,TYA
1366,VBH
1367,KIP
1368,VTB
1369,VTH
1370,ACV
1371,CAG
1372,ASG
1373,HNB
1374,CCT
1375,VSM
1376,CCR
1377,CLL
1378,CMP
1379,CPI
1380,CIA
1381,SGP
1382,DDM
1383,DL1
1384,DNL
1385,CDN
1386,DOP
1387,DSV
1388,DVP
1389,DXP
1390,EMS
1391,GMD
1392,GIC
1393,GSP
1394,DDH
1395,HAH
1396,HCT
1397,HHN
1398,HHR
1399,HLR
1400,HMH
1401,CCP
1402,TUG
1403,HTV
1404,ILB
1405,ISG
1406,IST
1407,MHC
1408,NAP
1409,NAS
1410,NCT
1411,NOS
1412,PAP
1413,PCT
1414,PDN
1415,PDV
1416,PHP
1417,PJT
1418,PLO
1419,PNP
1420,PRC
1421,PSC
1422,PSP
1423,PTS
1424,PSN
1425,PTX
1426,PTT
1427,PVT
1428,PVP
1429,QSP
1430,PQN
1431,RAT
1432,DS3
1433,SGN
1434,SAC
1435,SFI
1436,SGS
1437,SHC
1438,TSG
1439,SSG
1440,STG
1441,STS
1442,SWC
1443,TBH
1444,TCL
1445,TCO
1446,TCW
1447,TJC
1448,TMS
1449,TNP
1450,TOT
1451,TR1
1452,TRS
1453,VFC
1454,VFR
1455,VGP
1456,VIN
1457,VMT
1458,VIP
1459,VGR
1460,VMS
1461,VNA
1462,VNF
1463,VNL
1464,MVN
1465,VLG
1466,VNT
1467,VOS
1468,VSA
1469,VPA
1470,VSC
1471,VSE
1472,VSG
1473,VST
1474,VTO
1475,VTP
1476,VTX
1477,WCS
1478,WTC
1479,CAR
1480,LPT
1481,ABR
1482,AGE
1483,ARM
1484,DTB
1485,BMD
1486,MBN
1487,BRS
1488,BTU
1489,CDH
1490,CFM
1491,UDL
1492,DNE
1493,DUS
1494,MCD
1495,MTV
1496,HEC
1497,HEP
1498,HSA
1499,ILC
1500,IPA
1501,AMS
1502,MDA
1503,MLC
1504,MPY
1505,MQB
1506,MTH
1507,MTL
1508,NAU
1509,MND
1510,NUE
1511,PPE
1512,PPS
1513,PVM
1514,MQN
1515,QNU
1516,SDA
1517,SDC
1518,SDV
1519,SFN
1520,SZE
1521,MTB
1522,THU
1523,TV1
1524,TV2
1525,TV4
1526,UCT
1527,USD
1528,VCM
1529,VCT
1530,TVM
1531,VLP
1532,MTS
1533,VNC
1534,VQC
1535,VTK
1536,APH
1537,BAL
1538,BBH
1539,BBS
1540,BPC
1541,BTG
1542,BXH
1543,DPC
1544,HBD
1545,HDO
1546,HPB
1547,INN
1548,ILS
1549,MCP
1550,NHP
1551,PBP
1552,PMP
1553,PBT
1554,QHD
1555,SDG
1556,STP
1557,SVG
1558,SVI
1559,TKA
1560,TB8
1561,TDP
1562,TPP
1563,TTP
1564,VBC
1565,VHG
1566,NO1
1567,CKA
1568,APL
1569,CE1
1570,CKD
1571,CMK
1572,CTB
1573,CTT
1574,DAS
1575,DZM
1576,FSO
1577,FBC
1578,FT1
1579,GMA
1580,IME
1581,ITS
1582,L10
1583,L35
1584,L43
1585,L44
1586,L61
1587,L62
1588,L63
1589,LMI
1590,LQN
1591,LLM
1592,LM7
1593,LO5
1594,MAC
1595,MIE
1596,PEC
1597,PMS
1598,REE
1599,SAL
1600,SCO
1601,SCY
1602,SDK
1603,SRF
1604,UEM
1605,VEA
1606,VES
1607,HIO
1608,SBB
1609,THM
1610,VC5
1611,GDA
1612,MDD
